{
	"name": "LSC",
	"title": "Leroc Storylteller's Cut",
	"description": "A system developed and modified to play old Storyteller's plataforms on Foundry VTT",
	"version": "0.1",
	"minimumCoreVersion": "0.5.5",
	"compatibleCoreVersion": "0.7.10",
	"templateVersion": 2,
	"author": "Nero Leroc based on Buzghash's System",
	"esmodules": ["module/cod.js"],
	"styles": [
		"styles/cod.css",
		"styles/bubbles.css",
		"styles/display.css",
		"styles/edit-sheet.css",
		"styles/header.css",
		"styles/main.css",
		"styles/nav.css",
		"styles/sheet-header.css",
		"styles/top-navigation.css"
	],
	"packs": [],
	"socket": false,
	"initiative": "1d10",
	"gridDistance": 1,
	"gridUnits": "m",
	"manifest": "https://github.com/neroleroc/Storyteller/system.json",
	"download": "https://github.com/neroleroc/Storyteller/archive/LSC.zip",
	"url": "https://github.com/neroleroc/Storyteller"
}
