{
	"Actor": {
		"types": ["character"],

		"templates": {
			"mortal": {
				"attributes": {
					"int": {
						"type": "Number",
						"label": "Intelligence",
						"value": 1,
						"min": 1,
						"max": 10
					},
					"wits": {
						"type": "Number",
						"label": "Wits",
						"value": 1,
						"min": 1,
						"max": 10
					},
					"res": {
						"type": "Number",
						"label": "Resolve",
						"value": 1,
						"min": 1,
						"max": 10
					},
					"str": {
						"type": "Number",
						"label": "Strength",
						"value": 1,
						"min": 1,
						"max": 10
					},
					"dex": {
						"type": "Number",
						"label": "Dexterity",
						"value": 1,
						"min": 1,
						"max": 10
					},
					"sta": {
						"type": "Number",
						"label": "Stamina",
						"value": 1,
						"min": 1,
						"max": 10
					},
					"pre": {
						"type": "Number",
						"label": "Presence",
						"value": 1,
						"min": 1,
						"max": 10
					},
					"man": {
						"type": "Number",
						"label": "Manipulation",
						"value": 1,
						"min": 1,
						"max": 10
					},
					"com": {
						"type": "Number",
						"label": "Composure",
						"value": 1,
						"min": 1,
						"max": 10
					}
				},
				"skills": {
					"academics": {
						"type": "Number",
						"label": "Academics",
						"value": 0,
						"min": 0,
						"max": 5
					},
					"computer": {
						"type": "Number",
						"label": "Computer",
						"value": 0,
						"min": 0,
						"max": 5
					},
					"riddle": {
						"type": "Number",
						"label": "Enigmas",
						"value": 0,
						"min": 0,
						"max": 5
					},
					"finance": {
						"type": "Number",
						"label": "Finanças",
						"value": 0,
						"min": 0,
						"max": 5
					},
					"crafts": {
						"type": "Number",
						"label": "Crafts",
						"value": 0,
						"min": 0,
						"max": 5
					},
					"investigation": {
						"type": "Number",
						"label": "Investigation",
						"value": 0,
						"min": 0,
						"max": 5
					},
					"law": {
						"type": "Number",
						"label": "Direito",
						"value": 0,
						"min": 0,
						"max": 5
					},
					"language": {
						"type": "Number",
						"label": "Lingüística",
						"value": 0,
						"min": 0,
						"max": 5
					},
					"medicine": {
						"type": "Number",
						"label": "Medicine",
						"value": 0,
						"min": 0,
						"max": 5
					},
					"occult": {
						"type": "Number",
						"label": "Occult",
						"value": 0,
						"min": 0,
						"max": 5
					},
					"politics": {
						"type": "Number",
						"label": "Politics",
						"value": 0,
						"min": 0,
						"max": 5
					},
					"ritual": {
						"type": "Number",
						"label": "Rituais",
						"value": 0,
						"min": 0,
						"max": 5
					},
					"science": {
						"type": "Number",
						"label": "Science",
						"value": 0,
						"min": 0,
						"max": 5
					},
					"athletics": {
						"type": "Number",
						"label": "Athletics",
						"value": 0,
						"min": 0,
						"max": 5
					},
					"brawl": {
						"type": "Number",
						"label": "Brawl",
						"value": 0,
						"min": 0,
						"max": 5
					},
					"drive": {
						"type": "Number",
						"label": "Drive",
						"value": 0,
						"min": 0,
						"max": 5
					},
					"firearms": {
						"type": "Number",
						"label": "Firearms",
						"value": 0,
						"min": 0,
						"max": 5
					},
					"larceny": {
						"type": "Number",
						"label": "Larceny",
						"value": 0,
						"min": 0,
						"max": 5
					},
					"stealth": {
						"type": "Number",
						"label": "Stealth",
						"value": 0,
						"min": 0,
						"max": 5
					},
					"survival": {
						"type": "Number",
						"label": "Survival",
						"value": 0,
						"min": 0,
						"max": 5
					},
					"weaponry": {
						"type": "Number",
						"label": "Weaponry",
						"value": 0,
						"min": 0,
						"max": 5
					},
					"animalken": {
						"type": "Number",
						"label": "Animal Ken",
						"value": 0,
						"min": 0,
						"max": 5
					},
					"performance": {
						"type": "Number",
						"label": "Performance",
						"value": 0,
						"min": 0,
						"max": 5
					},
					"instinct": {
						"type": "Number",
						"label": "Instinto Primitivo",
						"value": 0,
						"min": 0,
						"max": 5
					},
					"alertness": {
						"type": "Number",
						"label": "Prontidão",
						"value": 0,
						"min": 0,
						"max": 5
					},
					"dodge": {
						"type": "Number",
						"label": "Esquiva",
						"value": 0,
						"min": 0,
						"max": 5
					},
					"empathy": {
						"type": "Number",
						"label": "Empathy",
						"value": 0,
						"min": 0,
						"max": 5
					},
					"expression": {
						"type": "Number",
						"label": "Expression",
						"value": 0,
						"min": 0,
						"max": 5
					},
					"intimidation": {
						"type": "Number",
						"label": "Intimidation",
						"value": 0,
						"min": 0,
						"max": 5
					},
					"persuasion": {
						"type": "Number",
						"label": "Persuasion",
						"value": 0,
						"min": 0,
						"max": 5
					},
					"socialize": {
						"type": "Number",
						"label": "Socialize",
						"value": 0,
						"min": 0,
						"max": 5
					},
					"streetwise": {
						"type": "Number",
						"label": "Streetwise",
						"value": 0,
						"min": 0,
						"max": 5
					},
					"subterfuge": {
						"type": "Number",
						"label": "Subterfuge",
						"value": 0,
						"min": 0,
						"max": 5
					}
				},
				"advantages": {
					"hp": {
						"type": "Number",
						"label": "Health",
						"value": 1,
						"max": 10,
						"min": 0
					},
					"wp": {
						"type": "Number",
						"label": "Willpower",
						"value": 1,
						"max": 10,
						"min": 0
					},
					"integrity": {
						"type": "Number",
						"label": "Integrity",
						"value": 7,
						"max": 10,
						"min": 0
					},
					"size": {
						"type": "Number",
						"label": "Size",
						"value": 5,
						"min": 1
					},
					"speed": {
						"type": "Number",
						"label": "Speed",
						"value": 7,
						"min": 0
					},
					"def": {
						"type": "Number",
						"label": "Defense",
						"value": 1,
						"min": 0
					},
					"tempdef": {
						"type": "Number",
						"label": "Defense",
						"value": 0
					},
					"garmor": {
						"type": "Number",
						"label": "Armor (Gen.)",
						"value": 0,
						"min": 0
					},
					"barmor": {
						"type": "Number",
						"label": "Armor (Ball.)",
						"value": 0,
						"min": 0
					},
					"initiative": {
						"type": "Number",
						"label": "Initiative",
						"value": 1,
						"min": 0
					}
				},
				"details": {
					"age": {
						"type": "String",
						"label": "Age",
						"value": ""
					},
					"player": {
						"type": "String",
						"label": "Player",
						"value": ""
					},
					"virtue": {
						"type": "String",
						"label": "Virtue",
						"value": ""
					},
					"vice": {
						"type": "String",
						"label": "Vice",
						"value": ""
					},
					"concept": {
						"type": "String",
						"label": "Concept",
						"value": ""
					},
					"group": {
						"type": "String",
						"label": "Group",
						"value": ""
					},
					"faction": {
						"type": "String",
						"label": "Faction",
						"value": ""
					},
					"chronicle": {
						"type": "String",
						"label": "Chronicle",
						"value": ""
					},
					"aspirations": {
						"aspiration1": {
							"type": "String",
							"label": "Aspiration 1",
							"value": ""
						},
						"aspiration2": {
							"type": "String",
							"label": "Aspiration 2",
							"value": ""
						},
						"aspiration3": {
							"type": "String",
							"label": "Aspiration 3",
							"value": ""
						}
					},
					"height": {
						"type": "String",
						"label": "Altura",
						"value": ""
					},
					"weight": {
						"type": "String",
						"label": "Weight",
						"value": ""
					},
					"haircolor": {
						"type": "String",
						"label": "Hair Color",
						"value": ""
					},
					"eyecolor": {
						"type": "String",
						"label": "Eye Color",
						"value": ""
					},
					"birthplace": {
						"type": "String",
						"label": "Birthplace",
						"value": ""
					},
					"allies": {
						"type": "String",
						"label": "Allies",
						"value": ""
					},
					"contacts": {
						"type": "String",
						"label": "Contacts",
						"value": ""
					},
					"enemies": {
						"type": "String",
						"label": "Enemies",
						"value": ""
					},
					"residence": {
						"type": "String",
						"label": "Residence",
						"value": ""
					},
					"others": {
						"other1": {
							"type": "String",
							"label": "Other 1",
							"value": ""
						},
						"other2": {
							"type": "String",
							"label": "Other 2",
							"value": ""
						},
						"other3": {
							"type": "String",
							"label": "Other 1",
							"value": ""
						}
					},
					"specialties": {
						"specialty1": {
							"type": "String",
							"label": "Specialization 1",
							"value": ""
						},
						"specialty2": {
							"type": "String",
							"label": "Specialization 2",
							"value": ""
						},
						"specialty3": {
							"type": "String",
							"label": "Specialization 3",
							"value": ""
						}
					}
				},
				"status": {
					"conditions": {
						"condition1": {
							"type": "String",
							"label": "Condition 1",
							"value": ""
						},
						"condition2": {
							"type": "String",
							"label": "Condition 2",
							"value": ""
						},
						"condition3": {
							"type": "String",
							"label": "Condition 3",
							"value": ""
						}
					}
				},
				"advancement": {
					"beats": {
						"type": "Number",
						"label": "Beats",
						"value": 0,
						"min": 0
					},
					"exp": {
						"type": "Number",
						"label": "Experience",
						"value": 0,
						"min": 0
					}
				},
				"rolls": [],
				"splatSelect": {
					"type": "String",
					"label": "Character Type",
					"value": "mortal"
				},
				"mods": {
					"attMods": {
						"intMod": 0,
						"witsMod": 0,
						"resMod": 0,
						"strMod": 0,
						"dexMod": 0,
						"staMod": 0,
						"preMod": 0,
						"manMod": 0,
						"comMod": 0
					},
					"skillMods": {
						"academicsMod": 0,
						"computerMod": 0,
						"financeMod": 0,
						"investigationMod": 0,
						"lawMod": 0,
						"riddleMod": 0,
						"ritualMod": 0,
						"languageMod": 0,
						"medicineMod": 0,
						"occultMod": 0,
						"politicsMod": 0,
						"scienceMod": 0,
						"animalkenMod": 0,
						"craftsMod": 0,
						"driveMod": 0,
						"socializeMod": 0,
						"firearmsMod": 0,
						"weaponryMod": 0,
						"performanceMod": 0,
						"larcenyMod": 0,
						"stealthMod": 0,
						"survivalMod": 0,
						"alertnessMod": 0,
						"athleticsMod": 0,
						"brawlMod": 0,
						"dodgeMod": 0,
						"empathyMod": 0,
						"instinctMod": 0,
						"expressionMod": 0,
						"intimidationMod": 0,
						"persuasionMod": 0,
						"streetwiseMod": 0,
						"subterfugeMod": 0
					},
					"advMods": {
						"sizeMod": 0,
						"initiativeMod": 0,
						"speedMod": 0,
						"perceptionMod": 0
					}
				}
			},

			"vampire": {
				"vamp-attributes": {
					"int": {
						"type": "Number",
						"label": "Intelligence",
						"value": 1,
						"min": 1,
						"max": 10
					},
					"wits": {
						"type": "Number",
						"label": "Wits",
						"value": 1,
						"min": 1,
						"max": 10
					},
					"res": {
						"type": "Number",
						"label": "Resolve",
						"value": 1,
						"min": 1,
						"max": 10
					},
					"str": {
						"type": "Number",
						"label": "Strength",
						"value": 1,
						"min": 1,
						"max": 10
					},
					"dex": {
						"type": "Number",
						"label": "Dexterity",
						"value": 1,
						"min": 1,
						"max": 10
					},
					"sta": {
						"type": "Number",
						"label": "Stamina",
						"value": 1,
						"min": 1,
						"max": 10
					},
					"pre": {
						"type": "Number",
						"label": "Presence",
						"value": 1,
						"min": 1,
						"max": 10
					},
					"man": {
						"type": "Number",
						"label": "Manipulation",
						"value": 1,
						"min": 1,
						"max": 10
					},
					"com": {
						"type": "Number",
						"label": "Composure",
						"value": 1,
						"min": 1,
						"max": 10
					}
				},
				"vamp-advantages": {
					"hp": {
						"type": "Number",
						"label": "Health",
						"value": 1,
						"max": 15,
						"min": 0
					},
					"bloodpotency": {
						"type": "Number",
						"label": "Blood Potency",
						"value": 1,
						"max": 10,
						"min": 0
					},
					"vitae": {
						"type": "Number",
						"label": "Vitae",
						"value": 1,
						"max": 20,
						"min": 0
					},
					"humanity": {
						"type": "Number",
						"label": "Humanity",
						"value": 7,
						"max": 10,
						"min": 0
					}
				},
				"vamp-details": {
					"apparentage": {
						"type": "String",
						"label": "Apparent Age",
						"value": ""
					},
					"rip": {
						"type": "String",
						"label": "R.I.P.",
						"value": ""
					},
					"mask": {
						"type": "String",
						"label": "Mask",
						"value": ""
					},
					"dirge": {
						"type": "String",
						"label": "Dirge",
						"value": ""
					},
					"clan": {
						"type": "String",
						"label": "Clan",
						"value": ""
					},
					"bloodline": {
						"type": "String",
						"label": "Bloodline",
						"value": ""
					},
					"covenant": {
						"type": "String",
						"label": "Covenant",
						"value": ""
					},
					"touchstones": {
						"ts1": {
							"type": "String",
							"label": "Touchstone 1",
							"value": ""
						},
						"ts2": {
							"type": "String",
							"label": "Touchstone 2",
							"value": ""
						},
						"ts3": {
							"type": "String",
							"label": "Touchstone 3",
							"value": ""
						},
						"ts4": {
							"type": "String",
							"label": "Touchstone 4",
							"value": ""
						},
						"ts5": {
							"type": "String",
							"label": "Touchstone 5",
							"value": ""
						},
						"ts6": {
							"type": "String",
							"label": "Touchstone 6",
							"value": ""
						},
						"ts7": {
							"type": "String",
							"label": "Touchstone 7",
							"value": ""
						},
						"ts8": {
							"type": "String",
							"label": "Touchstone 8",
							"value": ""
						},
						"ts9": {
							"type": "String",
							"label": "Touchstone 9",
							"value": ""
						},
						"ts10": {
							"type": "String",
							"label": "Touchstone 10",
							"value": ""
						}
					},
					"banes": {
						"bane1": {
							"type": "String",
							"label": "Bane 1",
							"value": ""
						},
						"bane2": {
							"type": "String",
							"label": "Bane 2",
							"value": ""
						},
						"bane3": {
							"type": "String",
							"label": "Bane 3",
							"value": ""
						}
					}
				},
				"vamp-status": {
					"banes": {
						"bane1": {
							"type": "String",
							"label": "Bane 1",
							"value": ""
						},
						"bane2": {
							"type": "String",
							"label": "Bane 2",
							"value": ""
						},
						"bane3": {
							"type": "String",
							"label": "Bane 3",
							"value": ""
						}
					}
				}
			},

			"werewolf": {
				"wolf-advantages": {
					"hp": {
						"type": "Number",
						"label": "Health",
						"value": 1,
						"max": 15,
						"min": 0
					},
					"renown": {
						"purity": {
							"type": "Number",
							"label": "Purity",
							"value": 0
						},
						"glory": {
							"type": "Number",
							"label": "Glory",
							"value": 0
						},
						"honor": {
							"type": "Number",
							"label": "Honor",
							"value": 0
						},
						"wisdom": {
							"type": "Number",
							"label": "Wisdom",
							"value": 0
						},
						"cunning": {
							"type": "Number",
							"label": "Cunning",
							"value": 0
						}
					},
					"primalurge": {
						"type": "Number",
						"label": "Primal Urge",
						"value": 1,
						"max": 10,
						"min": 0
					},
					"harmony": {
						"type": "Number",
						"label": "Harmony",
						"value": 7,
						"max": 10,
						"min": 0
					},
					"essence": {
						"type": "Number",
						"label": "Essence",
						"value": 7,
						"max": 20,
						"min": 0
					}
				},
				"wolf-details": {
					"auspice": {
						"type": "String",
						"label": "Auspice",
						"value": ""
					},
					"blood": {
						"type": "String",
						"label": "Blood",
						"value": ""
					},
					"bone": {
						"type": "String",
						"label": "Bone",
						"value": ""
					},
					"tribe": {
						"type": "String",
						"label": "Tribe",
						"value": ""
					},
					"pack": {
						"type": "String",
						"label": "Pack",
						"value": ""
					},
					"tells": {
						"tell1": {
							"type": "String",
							"label": "Tell 1",
							"value": ""
						},
						"tell2": {
							"type": "String",
							"label": "Tell 2",
							"value": ""
						}
					},
					"touchstones": {
						"fleshstone": {
							"type": "String",
							"label": "Flesh Touchstone",
							"value": ""
						},
						"spiritstone": {
							"type": "String",
							"label": "Spirit Touchstone",
							"value": ""
						}
					},
					"kuruth": {
						"passive": {
							"type": "String",
							"label": "Passive",
							"value": ""
						},
						"common": {
							"type": "String",
							"label": "Common",
							"value": ""
						},
						"specific": {
							"type": "String",
							"label": "Specific",
							"value": ""
						}
					}
				},
				"wolf-currentForm": {
					"type": "String",
					"label": "Current Form",
					"value": ""
				},
				"wolf-totem": {
					"attributes": {
						"power": {
							"type": "Number",
							"label": "Power",
							"value": 1,
							"min": 1,
							"max": 10
						},
						"finesse": {
							"type": "Number",
							"label": "Finesse",
							"value": 1,
							"min": 1,
							"max": 10
						},
						"resistance": {
							"type": "Number",
							"label": "Resistance",
							"value": 1,
							"min": 1,
							"max": 10
						}
					},
					"advantages": {
						"wp": {
							"type": "Number",
							"label": "Willpower",
							"value": 1,
							"max": 10,
							"min": 0
						},
						"essence": {
							"type": "Number",
							"label": "Essence",
							"value": 1,
							"max": 10,
							"min": 0
						},
						"initiative": {
							"type": "Number",
							"label": "Initiative",
							"value": 1,
							"min": 0
						},
						"def": {
							"type": "Number",
							"label": "Defense",
							"value": 1,
							"min": 0
						},
						"speed": {
							"type": "Number",
							"label": "Speed",
							"value": 7,
							"min": 0
						},
						"size": {
							"type": "Number",
							"label": "Size",
							"value": 5,
							"min": 1
						},
						"corpus": {
							"type": "Number",
							"label": "Corpus",
							"value": 1,
							"max": 10,
							"min": 0
						}
					},
					"details": {
						"influences": {
							"influence1": {
								"type": "String",
								"label": "Influence 1",
								"value": ""
							},
							"influence2": {
								"type": "String",
								"label": "Influence 2",
								"value": ""
							},
							"influence3": {
								"type": "String",
								"label": "Influence 3",
								"value": ""
							}
						},
						"aspirations": {
							"aspiration1": {
								"type": "String",
								"label": "Aspiration 1",
								"value": ""
							},
							"aspiration2": {
								"type": "String",
								"label": "Aspiration 2",
								"value": ""
							},
							"aspiration3": {
								"type": "String",
								"label": "Aspiration 3",
								"value": ""
							}
						},
						"ban": {
							"type": "String",
							"label": "Ban",
							"value": ""
						},
						"bane": {
							"type": "String",
							"label": "Bane",
							"value": ""
						}
					}
				}
			},

			"mage": {
				"mage-arcana": {
					"death": {
						"type": "Number",
						"label": "Death",
						"value": 0,
						"min": 0,
						"max": 5
					},
					"fate": {
						"type": "Number",
						"label": "Fate",
						"value": 0,
						"min": 0,
						"max": 5
					},
					"forces": {
						"type": "Number",
						"label": "Forces",
						"value": 0,
						"min": 0,
						"max": 5
					},
					"life": {
						"type": "Number",
						"label": "Life",
						"value": 0,
						"min": 0,
						"max": 5
					},
					"matter": {
						"type": "Number",
						"label": "Matter",
						"value": 0,
						"min": 0,
						"max": 5
					},
					"mind": {
						"type": "Number",
						"label": "Mind",
						"value": 0,
						"min": 0,
						"max": 5
					},
					"prime": {
						"type": "Number",
						"label": "Prime",
						"value": 0,
						"min": 0,
						"max": 5
					},
					"spirit": {
						"type": "Number",
						"label": "Spirit",
						"value": 0,
						"min": 0,
						"max": 5
					},
					"space": {
						"type": "Number",
						"label": "Space",
						"value": 0,
						"min": 0,
						"max": 5
					},
					"time": {
						"type": "Number",
						"label": "Time",
						"value": 0,
						"min": 0,
						"max": 5
					}
				},
				"mage-advantages": {
					"gnosis": {
						"type": "Number",
						"label": "Gnosis",
						"value": 1,
						"max": 10,
						"min": 0
					},
					"wisdom": {
						"type": "Number",
						"label": "Wisdom",
						"value": 7,
						"max": 10,
						"min": 0
					}
				},
				"mage-details": {
					"path": {
						"type": "String",
						"label": "Path",
						"value": ""
					},
					"order": {
						"type": "String",
						"label": "Order",
						"value": ""
					},
					"legacy": {
						"type": "String",
						"label": "Legacy",
						"value": ""
					},
					"nimbus": {
						"longterm": {
							"type": "String",
							"label": "Long Term",
							"value": ""
						},
						"immediate": {
							"type": "String",
							"label": "Immediate",
							"value": ""
						},
						"signature": {
							"type": "String",
							"label": "Signature",
							"value": ""
						}
					},
					"obsessions": {
						"obsession1": {
							"type": "String",
							"label": "Obsession 1",
							"value": ""
						},
						"obsession2": {
							"type": "String",
							"label": "Obsession 2",
							"value": ""
						}
					},
					"sympname": {
						"type": "String",
						"label": "Sympathetic Name",
						"value": ""
					},
					"awakening": {
						"type": "String",
						"label": "Age of Awakening",
						"value": ""
					}
				},
				"mage-advancement": {
					"arcanebeats": {
						"type": "Number",
						"label": "Arcane Beats",
						"value": 0,
						"min": 0
					},
					"arcaneexp": {
						"type": "Number",
						"label": "Arcane Experience",
						"value": 0,
						"min": 0
					}
				},
				"mage-familiar": {
					"attributes": {
						"power": {
							"type": "Number",
							"label": "Power",
							"value": 1,
							"min": 1,
							"max": 10
						},
						"finesse": {
							"type": "Number",
							"label": "Finesse",
							"value": 1,
							"min": 1,
							"max": 10
						},
						"resistance": {
							"type": "Number",
							"label": "Resistance",
							"value": 1,
							"min": 1,
							"max": 10
						}
					},
					"advantages": {
						"wp": {
							"type": "Number",
							"label": "Willpower",
							"value": 1,
							"max": 10,
							"min": 0
						},
						"essence": {
							"type": "Number",
							"label": "Essence",
							"value": 1,
							"max": 20,
							"min": 0
						},
						"rank": {
							"type": "Number",
							"label": "Rank",
							"value": 1,
							"max": 5,
							"min": 0
						},
						"initiative": {
							"type": "Number",
							"label": "Initiative",
							"value": 1,
							"min": 0
						},
						"def": {
							"type": "Number",
							"label": "Defense",
							"value": 1,
							"min": 0
						},
						"speed": {
							"type": "Number",
							"label": "Speed",
							"value": 7,
							"min": 0
						},
						"size": {
							"type": "Number",
							"label": "Size",
							"value": 5,
							"min": 1
						},
						"corpus": {
							"type": "Number",
							"label": "Corpus",
							"value": 1,
							"max": 10,
							"min": 0
						}
					},
					"details": {
						"influences": {
							"influence1": {
								"type": "String",
								"label": "Influence 1",
								"value": ""
							},
							"influence2": {
								"type": "String",
								"label": "Influence 2",
								"value": ""
							},
							"influence3": {
								"type": "String",
								"label": "Influence 3",
								"value": ""
							}
						},
						"aspirations": {
							"aspiration1": {
								"type": "String",
								"label": "Aspiration 1",
								"value": ""
							},
							"aspiration2": {
								"type": "String",
								"label": "Aspiration 2",
								"value": ""
							},
							"aspiration3": {
								"type": "String",
								"label": "Aspiration 3",
								"value": ""
							}
						},
						"ban": {
							"type": "String",
							"label": "Ban",
							"value": ""
						},
						"bane": {
							"type": "String",
							"label": "Bane",
							"value": ""
						}
					}
				}
			}
		},

		"character": {
			"templates": ["mortal", "vampire", "werewolf", "mage"]
		}
	},

	"Item": {
		"types": [
			"weapon",
			"armor",
			"equipment",
			"vehicle",
			"service",
			"merit",
			"discipline",
			"devotion",
			"gift",
			"rite",
			"fetish",
			"spell",
			"attainment",
			"magical tool",
			"condition",
			"tilt",
			"dread",
			"numina"
		],

		"templates": {
			"quantity": {
				"quantity": {
					"type": "Number",
					"label": "Quantity",
					"value": 1
				}
			},
			"weight": {
				"weight": {
					"type": "String",
					"label": "Weight",
					"value": ""
				}
			},
			"description": {
				"description": {
					"type": "String",
					"label": "Description",
					"value": ""
				}
			},
			"attack": {
				"attack": {
					"type": "String",
					"label": "Attack",
					"value": "brawl"
				}
			},
			"damage": {
				"damage": {
					"type": "Number",
					"label": "Damage",
					"value": 0
				}
			},
			"range": {
				"range": {
					"type": "String",
					"label": "Ranges",
					"value": ""
				}
			},
			"clip": {
				"clip": {
					"type": "String",
					"label": "Clip",
					"value": ""
				}
			},
			"strength": {
				"strength": {
					"type": "String",
					"label": "Strength",
					"value": ""
				}
			},
			"size": {
				"size": {
					"type": "Number",
					"label": "Size",
					"value": 0
				}
			},
			"availability": {
				"availability": {
					"type": "String",
					"label": "Availability",
					"value": ""
				}
			},
			"tags": {
				"tags": {
					"type": "String",
					"label": "Tags",
					"value": ""
				}
			},
			"grating": {
				"grating": {
					"type": "Number",
					"label": "General Rating",
					"value": 0,
					"min": 0,
					"max": 5
				}
			},
			"brating": {
				"brating": {
					"type": "Number",
					"label": "Ballistic Rating",
					"value": 0,
					"min": 0,
					"max": 5
				}
			},
			"def": {
				"def": {
					"type": "Number",
					"label": "Defense",
					"value": 0,
					"min": -5,
					"max": 0
				}
			},
			"speed": {
				"speed": {
					"type": "Number",
					"label": "Speed",
					"value": 0,
					"min": -3,
					"max": 0
				}
			},
			"coverage": {
				"coverage": {
					"type": "String",
					"label": "Coverage",
					"value": ""
				}
			},
			"bonus": {
				"bonus": {
					"type": "Number",
					"label": "Dice Bonus",
					"value": 0,
					"min": 0,
					"max": 5
				}
			},
			"durability": {
				"durability": {
					"type": "Number",
					"label": "Durability",
					"value": 0
				}
			},
			"structure": {
				"structure": {
					"type": "Number",
					"label": "Structure",
					"value": 0
				}
			},
			"modifier": {
				"modifier": {
					"type": "Number",
					"label": "Dice Modifier",
					"value": 0
				}
			},
			"initiative": {
				"initiative": {
					"type": "Number",
					"label": "Initiative",
					"value": 0
				}
			},
			"group": {
				"group": {
					"type": "String",
					"label": "Group",
					"value": ""
				}
			},
			"frontPage": {
				"frontPage": {
					"type": "Boolean",
					"label": "Show on front page?",
					"value": false
				}
			},
			"rank": {
				"rank": {
					"type": "Number",
					"label": "Rank",
					"value": 1,
					"min": 1
				}
			},
			"target": {
				"target": {
					"type": "Number",
					"label": "Target",
					"value": 0
				}
			},
			"opposition": {
				"opposition": {
					"type": "String",
					"label": "Opposition",
					"value": ""
				}
			},
			"skill": {
				"skill": {
					"type": "String",
					"label": "Skill",
					"value": ""
				}
			},
			"cause": {
				"cause": {
					"type": "String",
					"label": "Cause",
					"value": ""
				}
			},
			"effect": {
				"effect": {
					"type": "String",
					"label": "Effect",
					"value": ""
				}
			},
			"resolution": {
				"resolution": {
					"type": "String",
					"label": "Resolution",
					"value": ""
				}
			},
			"cost": {
				"cost": {
					"type": "Number",
					"label": "Cost",
					"value": 1,
					"min": 0
				}
			},
			"prereq": {
				"prereq": {
					"type": "String",
					"label": "Prerequisites",
					"value": ""
				}
			},
			"xp": {
				"xp": {
					"type": "Number",
					"label": "XP",
					"value": 0,
					"min": 0
				}
			},
			"renown": {
				"renown": {
					"type": "String",
					"label": "Renown",
					"value": ""
				}
			},
			"pool": {
				"pool": {
					"type": "String",
					"label": "Dice Pool",
					"value": ""
				}
			},
			"action": {
				"action": {
					"type": "String",
					"label": "Action",
					"value": ""
				}
			},
			"duration": {
				"duration": {
					"type": "String",
					"label": "Duration",
					"value": ""
				}
			},
			"rating": {
				"rating": {
					"type": "String",
					"label": "Rating",
					"value": ""
				}
			},
			"object": {
				"object": {
					"type": "String",
					"label": "Object",
					"value": ""
				}
			},
			"lodge": {
				"lodge": {
					"type": "String",
					"label": "Lodge",
					"value": ""
				}
			},
			"materials": {
				"materials": {
					"type": "String",
					"label": "Materials",
					"value": ""
				}
			},
			"influence": {
				"influence": {
					"type": "String",
					"label": "Sphere of Influence",
					"value": ""
				}
			},
			"dedicated": {
				"dedicated": {
					"type": "Boolean",
					"label": "Dedicated tool?",
					"value": false
				}
			},
			"arcanum": {
				"arcanum": {
					"type": "String",
					"label": "Arcanum",
					"value": ""
				}
			},
			"arcanum2": {
				"arcanum2": {
					"type": "String",
					"label": "2nd Arcanum",
					"value": ""
				}
			},
			"praxis": {
				"praxis": {
					"type": "Boolean",
					"label": "Praxis?",
					"value": false
				}
			},
			"rote": {
				"rote": {
					"type": "Boolean",
					"label": "Rote?",
					"value": false
				}
			},
			"level": {
				"level": {
					"type": "String",
					"label": "Level",
					"value": ""
				}
			},
			"practice": {
				"practice": {
					"type": "String",
					"label": "Practice",
					"value": ""
				}
			},
			"primary": {
				"primary": {
					"type": "String",
					"label": "Primary Factor",
					"value": ""
				}
			},
			"withstand": {
				"withstand": {
					"type": "String",
					"label": "Withstand",
					"value": ""
				}
			},
			"roteskills": {
				"roteskills": {
					"type": "String",
					"label": "Rote Skills",
					"value": ""
				}
			},
			"arcana": {
				"arcana": {
					"type": "String",
					"label": "Arcana",
					"value": ""
				}
			},
			"yantra": {
				"yantra": {
					"type": "Boolean",
					"label": "Yantra?",
					"value": false
				}
			},
			"mana": {
				"mana": {
					"type": "Number",
					"label": "Mana",
					"value": 1,
					"min": 0
				}
			},
			"power": {
				"power": {
					"type": "String",
					"label": "Power",
					"value": ""
				}
			}
		},

		"weapon": {
			"templates": [
				"quantity",
				"weight",
				"description",
				"attack",
				"damage",
				"range",
				"clip",
				"initiative",
				"strength",
				"size",
				"availability",
				"tags"
			]
		},
		"armor": {
			"templates": [
				"quantity",
				"weight",
				"description",
				"grating",
				"brating",
				"strength",
				"def",
				"speed",
				"availability",
				"coverage",
				"tags"
			]
		},
		"equipment": {
			"templates": [
				"quantity",
				"weight",
				"description",
				"size",
				"availability",
				"bonus",
				"durability",
				"structure"
			]
		},
		"vehicle": {
			"templates": [
				"description",
				"modifier",
				"size",
				"speed",
				"durability",
				"structure"
			]
		},
		"service": {
			"templates": ["description", "skill", "bonus", "availability"]
		},
		"merit": {
			"templates": ["description", "rank", "group", "frontPage", "prereq"]
		},
		"discipline": {
			"templates": [
				"rank",
				"cost",
				"prereq",
				"pool",
				"target",
				"opposition",
				"description"
			]
		},
		"devotion": {
			"templates": ["prereq", "xp", "cost", "pool", "description"]
		},
		"gift": {
			"templates": [
				"renown",
				"rank",
				"cost",
				"pool",
				"action",
				"duration",
				"description"
			]
		},
		"rite": {
			"templates": ["rank", "prereq", "cost", "description"]
		},
		"fetish": {
			"templates": ["rating", "object", "lodge", "description"]
		},
		"spell": {
			"templates": [
				"level",
				"arcanum",
				"arcanum2",
				"praxis",
				"rote",
				"practice",
				"primary",
				"withstand",
				"roteskills",
				"description"
			]
		},
		"attainment": {
			"templates": ["level", "arcana", "description"]
		},
		"magical tool": {
			"templates": [
				"dedicated",
				"yantra",
				"bonus",
				"mana",
				"power",
				"description"
			]
		},
		"condition": {
			"templates": ["description", "cause", "resolution"]
		},
		"tilt": {
			"templates": ["description", "cause", "effect", "resolution"]
		},
		"dread": {
			"templates": ["description", "rank"]
		},
		"numina": {
			"templates": ["description", "cost", "prereq"]
		}
	}
}
